year,gor,region,e7_meters,standard_meters,domestic_meters,non_domestic_meters,total_meters,e7_sales_gwh,standard_sales_gwh,domestic_sales_gwh,non_domestic_sales_gwh,total_gwh,e7_mean_kwh,e7_median_kwh,standard_mean_kwh,standard_median_kwh,domestic_mean_kwh,domestic_median_kwh,non_domestic_mean_kwh,non_domestic_median_kwh,all_mean_kwh,all_median_kwh,avg_per_hhld_kwh
2005,E12000006,East,0,0,2440.15,218.02,2658.17,0,0,12081.16,17191.94,29273.1,0,0,0,0,4951,0,78854,0,0,0,0
2005,E12000004,East Midlands,0,0,1911.4,161.38,2072.78,0,0,8643.94,15294.28,23938.22,0,0,0,0,4522,0,94773,0,0,0,0
2005,E12000007,London,0,0,3248.59,421.08,3669.67,0,0,13885.21,27549.65,41434.86,0,0,0,0,4274,0,65426,0,0,0,0
2005,E12000001,North East,0,0,1170.12,82.18,1252.3,0,0,4548.26,9348.76,13897.02,0,0,0,0,3887,0,113757,0,0,0,0
2005,E12000002,North West,0,0,2910.57,236.81,3147.38,0,0,13177.3,23114.73,36292.03,0,0,0,0,4527,0,97610,0,0,0,0
2005,E12000008,South East,0,0,3551.82,339.9,3891.73,0,0,17357.61,24399.77,41757.38,0,0,0,0,4887,0,71785,0,0,0,0
2005,E12000009,South West,0,0,2297.78,242.47,2540.25,0,0,11455.26,15811.55,27266.82,0,0,0,0,4985,0,65211,0,0,0,0
2005,E12000005,West Midlands,0,0,2130.54,186.59,2317.13,0,0,10315.15,16938.71,27253.86,0,0,0,0,4842,0,90779,0,0,0,0
2005,E12000003,Yorkshire And The Humber,0,0,2269,181.09,2450.1,0,0,9803.55,17032.07,26835.62,0,0,0,0,4321,0,94052,0,0,0,0
2005,W92000004,Wales,0,0,1316.723,128.443,1445.166,0,0,5655.513,11911.63,17567.15,0,0,0,0,4295,0,92739,0,0,0,0
2006,E12000006,East,0,0,2456.87,217.37,2674.23,0,0,11973.36,16827.19,28800.55,0,0,0,0,4873,0,77414,0,0,0,0
2006,E12000004,East Midlands,0,0,1927.68,161.29,2088.96,0,0,8510.22,14989.15,23499.37,0,0,0,0,4415,0,92934,0,0,0,0
2006,E12000007,London,0,0,3267.37,415.44,3682.81,0,0,13700.85,29142.52,42843.37,0,0,0,0,4193,0,70149,0,0,0,0
2006,E12000001,North East,0,0,1173.79,82.41,1256.2,0,0,4494.07,9314.66,13808.73,0,0,0,0,3829,0,113025,0,0,0,0
2006,E12000002,North West,0,0,3064.16,242.57,3306.73,0,0,13110.65,23354.82,36465.47,0,0,0,0,4279,0,96282,0,0,0,0
2006,E12000008,South East,0,0,3564.97,337.11,3902.07,0,0,17041.13,24632.01,41673.14,0,0,0,0,4780,0,73069,0,0,0,0
2006,E12000009,South West,0,0,2336.68,244.06,2580.74,0,0,11181.07,15782.82,26963.89,0,0,0,0,4785,0,64669,0,0,0,0
2006,E12000005,West Midlands,0,0,2324.81,200.93,2525.73,0,0,10436.21,17299.68,27735.89,0,0,0,0,4489,0,86100,0,0,0,0
2006,E12000003,Yorkshire And The Humber,0,0,2272.75,179.54,2452.29,0,0,9564.32,17157.18,26721.49,0,0,0,0,4208,0,95562,0,0,0,0
2006,W92000004,Wales,0,0,1328.494,125.084,1453.578,0,0,5599.777,11794.26,17394.04,0,0,0,0,4215,0,94291,0,0,0,0
2007,E12000006,East,0,0,2488.81,217.41,2706.22,0,0,11933.84,16323.56,28257.4,0,0,0,0,4795,0,75083,0,0,0,5035
2007,E12000004,East Midlands,0,0,1957.14,161.27,2118.4,0,0,8517.65,14119.58,22637.23,0,0,0,0,4352,0,87555,0,0,0,4607
2007,E12000007,London,0,0,3310.02,412.52,3722.54,0,0,13773.7,28423.37,42197.07,0,0,0,0,4161,0,68901,0,0,0,4293
2007,E12000001,North East,0,0,1184.24,81.97,1266.21,0,0,4429.84,8912.32,13342.16,0,0,0,0,3741,0,108721,0,0,0,4010
2007,E12000002,North West,0,0,3108.9,243.37,3352.28,0,0,13138.8,22213.94,35352.73,0,0,0,0,4226,0,91275,0,0,0,4498
2007,E12000008,South East,0,0,3581.4,332.95,3914.36,0,0,16980.75,23805.84,40786.59,0,0,0,0,4741,0,71499,0,0,0,4931
2007,E12000009,South West,0,0,2336.75,242.67,2579.42,0,0,11039.4,15227.75,26267.14,0,0,0,0,4724,0,62751,0,0,0,4968
2007,E12000005,West Midlands,0,0,2347.91,199.74,2547.64,0,0,10407.21,16557.74,26964.95,0,0,0,0,4433,0,82898,0,0,0,4677
2007,E12000003,Yorkshire And The Humber,0,0,2298.06,178.94,2477,0,0,9376.59,16082.84,25459.43,0,0,0,0,4080,0,89880,0,0,0,4294
2007,W92000004,Wales,0,0,1303.048,124.182,1427.23,0,0,5398.914,11233.72,16632.63,0,0,0,0,4143,0,90462,0,0,0,4209
2008,E12000006,East,0,0,2494.49,213.75,2708.24,0,0,11321.17,16201.27,27522.44,0,0,0,0,4538,0,75796,0,0,0,4706
2008,E12000004,East Midlands,0,0,1957.67,157.23,2114.9,0,0,8095.48,14180.4,22275.88,0,0,0,0,4135,0,90191,0,0,0,4333
2008,E12000007,London,0,0,3327.06,406.31,3733.37,0,0,13410.04,28403.93,41813.97,0,0,0,0,4031,0,69908,0,0,0,4133
2008,E12000001,North East,0,0,1178.45,81.04,1259.49,0,0,4223.67,8537.39,12761.06,0,0,0,0,3584,0,105343,0,0,0,3799
2008,E12000002,North West,0,0,3063.1,235.17,3298.27,0,0,12417.12,22151.35,34568.47,0,0,0,0,4054,0,94192,0,0,0,4231
2008,E12000008,South East,0,0,3634.67,332.61,3967.28,0,0,16513.28,23942.61,40455.9,0,0,0,0,4543,0,71984,0,0,0,4745
2008,E12000009,South West,0,0,2372.89,246.1,2618.99,0,0,10633.81,14931.8,25565.61,0,0,0,0,4481,0,60674,0,0,0,4746
2008,E12000005,West Midlands,0,0,2339.07,195.77,2534.85,0,0,9902.67,15946.39,25849.06,0,0,0,0,4234,0,81453,0,0,0,4418
2008,E12000003,Yorkshire And The Humber,0,0,2303.83,177.55,2481.38,0,0,8899.5,16350.46,25249.96,0,0,0,0,3863,0,92089,0,0,0,4040
2008,W92000004,Wales,0,0,1338.548,122.895,1461.443,0,0,5307.164,10959.98,16267.15,0,0,0,0,3965,0,89182,0,0,0,4094
2009,E12000006,East,0,0,2516.17,212.86,2729.03,0,0,11219.56,15736.34,26955.9,0,0,0,0,4459,0,73930,0,0,0,4611
2009,E12000004,East Midlands,0,0,1964.3,154.29,2118.59,0,0,8026.64,13158,21184.64,0,0,0,0,4086,0,85283,0,0,0,4253
2009,E12000007,London,0,0,3357.53,402.74,3760.27,0,0,13370.98,27709.66,41080.64,0,0,0,0,3982,0,68803,0,0,0,4089
2009,E12000001,North East,0,0,1187.38,80.49,1267.88,0,0,4241.09,7792.94,12034.03,0,0,0,0,3572,0,96817,0,0,0,3792
2009,E12000002,North West,0,0,3117.21,233.17,3350.37,0,0,12511.36,19930.39,32441.75,0,0,0,0,4014,0,85478,0,0,0,4238
2009,E12000008,South East,0,0,3672.15,330.88,4003.03,0,0,16441.79,23305.43,39747.22,0,0,0,0,4477,0,70434,0,0,0,4683
2009,E12000009,South West,0,0,2397.59,246.43,2644.02,0,0,10663.75,14240.68,24904.43,0,0,0,0,4448,0,57787,0,0,0,4710
2009,E12000005,West Midlands,0,0,2352.79,192.6,2545.39,0,0,9857.96,14766.25,24624.21,0,0,0,0,4190,0,76669,0,0,0,4371
2009,E12000003,Yorkshire And The Humber,0,0,2321.15,176.05,2497.2,0,0,8934.28,15437.86,24372.13,0,0,0,0,3849,0,87691,0,0,0,4014
2009,W92000004,Wales,0,0,1360.607,124.39,1484.997,0,0,5321.616,10398.27,15719.89,0,0,0,0,3911,0,83594,0,0,0,4069
2010,E12000006,East,0,0,2534.9,212.19,2747.09,0,0,11360.51,15958.03,27318.54,0,0,0,0,4482,0,75206,0,0,0,4751
2010,E12000004,East Midlands,0,0,1976.3,153.51,2129.8,0,0,8109.45,13075.03,21184.47,0,0,0,0,4103,0,85177,0,0,0,4334
2010,E12000007,London,0,0,3377.62,399.9,3777.52,0,0,13468.49,28245.43,41713.92,0,0,0,0,3988,0,70631,0,0,0,4199
2010,E12000001,North East,0,0,1192.89,79.84,1272.73,0,0,4250.17,7892.34,12142.51,0,0,0,0,3563,0,98849,0,0,0,3816
2010,E12000002,North West,0,0,3134.21,234.6,3368.8,0,0,12555,20777.17,33332.17,0,0,0,0,4006,0,88565,0,0,0,4234
2010,E12000008,South East,0,0,3698.6,328.42,4027.03,0,0,16538.23,23458.75,39996.98,0,0,0,0,4471,0,71429,0,0,0,4718
2010,E12000009,South West,0,0,2414.51,245.42,2659.93,0,0,10668.61,14332.73,25001.35,0,0,0,0,4419,0,58401,0,0,0,4781
2010,E12000005,West Midlands,0,0,2363.73,191.77,2555.5,0,0,9912.93,15004.86,24917.79,0,0,0,0,4194,0,78245,0,0,0,4380
2010,E12000003,Yorkshire And The Humber,0,0,2332.16,175.76,2507.92,0,0,8999.62,15676.16,24675.78,0,0,0,0,3859,0,89192,0,0,0,4105
2010,W92000004,Wales,0,0,1369.129,123.688,1492.817,0,0,5361.142616,10456.65767,15817.80029,0,0,0,0,3916,0,84541,0,0,0,4139
2010,S92000003,Scotland,0,0,2741.839,212.172,2954.011,0,0,11371.93115,16018.79804,27390.7292,0,0,0,0,4148,0,75499,0,0,0,4809
2011,E12000006,East,0,0,2547.21,213.58,2760.79,0,0,11193.44,14953.99,26147.42,0,0,0,0,4394,0,70017,0,0,0,4631
2011,E12000004,East Midlands,0,0,1984.66,155.4,2140.06,0,0,7984.54,12597.62,20582.16,0,0,0,0,4023,0,81066,0,0,0,4231
2011,E12000007,London,0,0,3396.1,398.52,3794.62,0,0,13373.91,26571.83,39945.74,0,0,0,0,3938,0,66676,0,0,0,4113
2011,E12000001,North East,0,0,1195.07,80.47,1275.55,0,0,4209.4,7471.91,11681.31,0,0,0,0,3522,0,92849,0,0,0,3745
2011,E12000002,North West,0,0,3139.39,233.21,3372.61,0,0,12405.71,18609.64,31015.35,0,0,0,0,3952,0,79797,0,0,0,4143
2011,E12000008,South East,0,0,3712.42,329.53,4041.95,0,0,16361.09,22660.03,39021.11,0,0,0,0,4407,0,68765,0,0,0,4616
2011,E12000009,South West,0,0,2429.11,245.62,2674.73,0,0,10489.16,13825.88,24315.04,0,0,0,0,4318,0,56289,0,0,0,4643
2011,E12000005,West Midlands,0,0,2371.01,192.53,2563.55,0,0,9747.09,14862.3,24609.4,0,0,0,0,4111,0,77194,0,0,0,4265
2011,E12000003,Yorkshire And The Humber,0,0,2338.25,178.21,2516.46,0,0,8883.64,15239.07,24122.7,0,0,0,0,3799,0,85510,0,0,0,4014
2011,W92000004,Wales,0,0,1374.948,123.556,1498.504,0,0,5287.017,9938.764,15225.78,0,0,0,0,3845,0,80439,0,0,0,4055
2012,E12000006,East,854.31,1707.32,2561.63,215.79,2777.41,4597.66,6528.73,11126.39,15849.59,26975.98,5382,4111,3824,3164,4343,3419,73451,9773,9713,3507,4176
2012,E12000004,East Midlands,766.08,1226.37,1992.45,156.9,2149.35,3574.41,4303.37,7877.77,12808.85,20686.62,4666,3641,3509,2965,3954,3196,81636,10741,9625,3286,3929
2012,E12000007,London,492.02,2928.39,3420.41,397.87,3818.28,2633.34,10642.01,13275.36,27531.52,40806.88,5352,4245,3634,2867,3881,3001,69197,6742,10687,3080,4569
2012,E12000001,North East,78.48,1118.18,1196.65,80.82,1277.48,438.56,3699.73,4138.29,7611.05,11749.34,5589,4365,3309,2870,3458,2914,94170,9596,9197,2979,4233
2012,E12000002,North West,254.51,2889.46,3143.97,235.5,3379.47,1643.91,10528.8,12172.71,20341.87,32514.58,6459,5256,3644,3120,3872,3206,86377,10399,9621,3293,3668
2012,E12000008,South East,754.47,2982.65,3737.12,330.43,4067.55,4361.45,11927.21,16288.67,22699.94,38988.61,5781,4532,3999,3257,4359,3442,68698,8712,9585,3524,4042
2012,E12000009,South West,399.32,2045.94,2445.26,246.35,2691.61,2763.19,7705.01,10468.2,13943.59,24411.79,6920,5879,3766,3130,4281,3357,56601,7672,9070,3447,4557
2012,E12000005,West Midlands,433.75,1945.27,2379.02,193.27,2572.28,2389.68,7209.9,9599.59,14755.96,24355.54,5509,4281,3706,3147,4035,3293,76351,9618,9468,3376,4149
2012,E12000003,Yorkshire And The Humber,192.01,2150.75,2342.77,178.87,2521.63,1149.06,7591.37,8740.43,14764.79,23505.22,5984,4680,3530,2979,3731,3050,82546,9888,9321,3132,4044
2012,W92000004,Wales,108.831,1271.833,1380.664,123.893,1504.557,771.2712,4457.734,5229.005,10038.31,15267.31,7087,5669,3505,3012,3787,3102,81024,8257,10147,3193,4598
2013,E12000006,East,834.08,1739.88,2573.96,216.84,2790.8,4274.41,6681.89,10956.3,15799.68,26755.99,5125,3985,3840,3207,4257,3416,72864,9250,"9,587",3499,4463
2013,E12000004,East Midlands,746.72,1256.18,2002.89,158.67,2161.56,3340.83,4429.54,7770.36,13342.47,21112.83,4474,3540,3526,3002,3880,3184,84092,10086,"9,767",3268,4063
2013,E12000007,London,482.58,2957.34,3439.92,396.77,3836.69,2416.91,10684.84,13101.75,27376.27,40478.02,5008,4010,3613,2874,3809,2989,68998,6404,"10,550",3062,3942
2013,E12000001,North East,76.51,1122.47,1198.98,80.63,1279.61,391.05,3711.01,4102.06,7767.13,11869.18,5111,3991,3306,2883,3421,2917,96330,8951,"9,276",2978,3619
2013,E12000002,North West,249.32,2903.45,3152.77,236.44,3389.21,1478.83,10497.93,11976.76,20191.03,32167.79,5931,4810,3616,3124,3799,3199,85396,9639,"9,491",3279,3962
2013,E12000008,South East,736.46,3018.51,3754.97,330.67,4085.64,3998.22,12060.02,16058.24,22744.23,38802.47,5429,4310,3995,3290,4277,3441,68782,8213,"9,497",3515,4457
2013,E12000009,South West,391.22,2068.48,2459.7,247.77,2707.47,2524.22,7821.41,10345.63,13930.89,24276.52,6452,5448,3781,3165,4206,3362,56225,7244,"8,967",3445,4511
2013,E12000005,West Midlands,424.99,1963.24,2388.23,195.63,2583.86,2201.06,7293.07,9494.13,14997.4,24491.53,5179,4082,3715,3181,3975,3299,76661,9009,"9,479",3377,4108
2013,E12000003,Yorkshire And The Humber,187.35,2161.09,2348.44,179.23,2527.67,1028.97,7573.88,8602.85,15083.14,23685.99,5492,4305,3505,2982,3663,3040,84154,9223,"9,371",3117,3847
2013,W92000004,Wales,106.404,1279.882,1386.286,124.144,1510.43,687.5274,4491.983,5179.51,10366.23,15545.75,6461,5162,3510,3041,3736,3119,83502,7688,"10,292",3201,3928
2014,E12000006,East,814.49,1777.43,2591.92,224.13,2816.05,4185.52,6870.96,11056.49,16065.23,27121.71,5138.83,3910.3,3865.67,3197.1,4265.75,3382.2,71677.53,9575.1,"9,631",3468.9,4455
2014,E12000004,East Midlands,728.92,1288.5,2017.42,163.96,2181.37,3227.79,4562.63,7790.42,13333.57,21123.99,4428.2,3439,3541.04,2993.3,3861.59,3137.5,81323.06,10421.2,"9,684",3225.8,4036
2014,E12000007,London,475.24,2993.79,3469.04,404.2,3873.24,2390.75,10835.58,13226.33,26763,39989.33,5030.59,3987.65,3619.35,2862.2,3812.68,2970.5,66211.94,6723.5,"10,325",3048.9,3928
2014,E12000001,North East,74.95,1131.72,1206.67,83.71,1290.37,382.78,3718.93,4101.72,7864.75,11966.47,5107.05,3894.3,3286.11,2858,3399.21,2888.1,93956.83,9207.4,"9,274",2951.7,3601
2014,E12000002,North West,244.81,2926.06,3170.87,244.41,3415.28,1463.68,10568.22,12031.91,20117.48,32149.38,5978.83,4779.9,3611.76,3106.2,3794.51,3175.4,82311.37,9816.9,"9,413",3256.6,3958
2014,E12000008,South East,721.57,3059.83,3781.4,339.57,4120.97,3938.08,12226.72,16164.8,22778.57,38943.36,5457.66,4269.3,3995.88,3263.1,4274.82,3404.8,67080.62,8621.05,"9,450",3483.5,4442
2014,E12000009,South West,385.32,2093.27,2478.59,254.89,2733.48,2508.34,7887.26,10395.61,14046.74,24442.34,6509.73,5457.9,3767.92,3131,4194.16,3319.5,55108.58,7456.8,"8,942",3406.2,4491
2014,E12000005,West Midlands,416.86,1985.36,2402.21,201.56,2603.77,2155.87,7388.27,9544.14,15047.83,24591.97,5171.73,3972.1,3721.38,3168.1,3973.06,3270.7,74656.47,9419.3,"9,445",3353.4,4100
2014,E12000003,Yorkshire And The Humber,183.74,2178.17,2361.91,184.95,2546.86,1011.01,7638.18,8649.19,15159.07,23808.27,5502.3,4241.7,3506.7,2973,3661.94,3025.1,81964.86,9576.55,"9,348",3104.9,3848
2014,W92000004,Wales,104.36,1288.4,1392.76,127.8,1520.56,678.23,4511.04,5189.27,10366.72,15555.99,6498.97,5113.2,3501.27,3018.4,3725.89,3091.5,81115.47,7901.6,"10,230",3176,3912
2015,E12000001,North East,72.249,1141.343,1213.592,83.175,1296.767,367.9410783,3707.193948,4075.135027,7803.702154,11878.83718,5092.680567,3872.8,3248.098029,2816.7,3357.911907,2846,93822.68895,8736.7,9160.348143,2908.6,3562.909744
2015,E12000002,North West,232.667,2905.299,3137.966,242.178,3380.144,1370.602075,10341.35429,11711.95636,19869.00012,31580.95648,5890.831425,4714.9,3559.480208,3063.8,3732.34011,3129.7,82042.96062,9489.65,9343.080201,3210.8,3826.720148
2015,E12000003,Yorkshire And The Humber,176.502,2174.509,2351.011,184,2535.011,963.4413532,7514.776823,8478.218176,14917.88878,23396.10696,5458.529384,4217.05,3455.849952,2927.5,3606.200982,2978.7,81075.48252,9395.05,9229.193467,3059.5,3748.662236
2015,E12000004,East Midlands,710.267,1324.017,2034.284,163.702,2197.986,3187.788829,4637.062329,7824.851158,13154.92049,20979.77165,4488.155622,3510.7,3502.267968,2965.3,3846.489063,3137.5,80358.94791,9924.25,9544.997852,3223.2,4018.433874
2015,E12000005,West Midlands,405.588,2004.228,2409.816,200.312,2610.128,2093.272643,7345.635963,9438.908606,15148.30212,24587.21073,5161.081301,4002.9,3665.070023,3121.2,3916.858634,3230.3,75623.53789,9106.85,9419.925279,3311,4026.176846
2015,E12000006,East,793.14,1818.977,2612.117,223.183,2835.3,4101.260547,6931.680085,11032.94063,15577.24127,26610.1819,5170.916291,3969.8,3810.757412,3155.7,4223.754384,3357.3,69795.82347,9053.4,9385.314394,3440.1,4402.481744
2015,E12000007,London,465.178,3034.706,3499.884,400.303,3900.187,2313.891292,10712.16624,13026.05754,26404.70221,39430.75975,4974.206202,3963.8,3529.886007,2798.7,3721.854078,2908.9,65961.78948,6395.6,10109.96646,2983.7,3819.005151
2015,E12000008,South East,704.967,3111.615,3816.582,337.264,4153.846,3826.326259,12241.74913,16068.07539,22457.4383,38525.51369,5427.667194,4258.7,3934.210733,3218.9,4210.069478,3361.5,66587.11958,8189.35,9274.661046,3437.5,4377.659165
2015,E12000009,South West,375.435,2111.921,2487.356,252.573,2739.929,2424.627838,7900.908473,10325.53631,13773.98751,24099.52382,6458.182744,5382.6,3741.100388,3111.7,4151.209683,3292.1,54534.67911,7209.5,8795.674566,3376.8,4419.884944
2015,W92000004,Wales,100.797,1290.14,1390.937,127.27,1518.207,649.0097174,4473.909515,5122.919232,10248.16239,15371.08162,6438.780096,5055.6,3467.770564,2990.4,3683.070644,3061,80523.00142,7626.25,10124.49661,3143.1,3845.025488
2016,E12000001,North East,68.962,1151.108,1220.07,84.061,1304.131,345.6679794,3620.512899,3966.180878,7245.90801,11212.08889,5012.441335,3806.65,3145.241714,2708.1,3250.781413,2737.1,86198.21332,7917,8597.363983,2797.6,3444.557724
2016,E12000002,North West,234.616,2980.249,3214.865,245.883,3460.748,1350.905677,10248.0485,11598.95418,19110.79668,30709.75085,5757.943521,4608.15,3438.655125,2936.8,3607.913295,3000.9,77723.13123,9076,8873.732167,3078.5,3761.145156
2016,E12000003,Yorkshire And The Humber,173.278,2214.54,2387.818,187.117,2574.935,937.9742051,7449.406072,8387.380278,14347.22667,22734.60695,5413.117679,4166.2,3363.861602,2821,3512.571007,2871.4,76675.16404,8912,8829.196445,2950.8,3682.071787
2016,E12000004,East Midlands,687.585,1362.777,2050.362,164.763,2215.125,3045.004557,4670.574777,7715.579334,12858.92141,20574.50075,4428.550007,3401.3,3427.248021,2868.4,3763.032739,3028.1,78044.95799,9659.6,9288.189492,3111.1,3921.488363
2016,E12000005,West Midlands,395.735,2044.534,2440.269,201.945,2642.214,2021.178198,7323.02336,9344.201558,14690.53897,24034.74053,5107.403182,3916.5,3581.756704,3017,3829.168653,3121.2,72745.2473,8755.1,9096.439776,3200.7,3948.420458
2016,E12000006,East,767.282,1865.856,2633.138,224.56,2857.698,3968.140361,6980.992444,10949.13281,15143.89169,26093.0245,5171.684415,3912.3,3741.442236,3062.7,4158.206978,3259.5,67438.06419,8905.9,9130.784463,3342.6,4331.108327
2016,E12000007,London,453.747,3075.5,3529.247,402.418,3931.665,2247.824623,10643.72187,12891.54649,25673.34602,38564.89252,4953.916219,3908.2,3460.810232,2717.2,3652.775363,2823.5,63797.70792,6271.8,9808.794115,2897.5,3739.742395
2016,E12000008,South East,671.228,3138.193,3809.421,338.411,4147.832,3619.665453,12093.82774,15713.49319,21713.69416,37427.18735,5392.601997,4197.5,3853.755247,3108.3,4124.903284,3246.6,64163.67719,8032.9,9023.313228,3323.7,4241.395725
2016,E12000009,South West,369.501,2155.157,2524.658,256.294,2780.952,2360.324117,7877.412573,10237.73669,13227.36252,23465.09921,6387.869363,5317.9,3655.145575,2994.1,4055.098429,3169.3,51610.11385,7071.45,8437.793679,3254.8,4343.748198
2016,W92000004,Wales,99.369,1311.485,1410.854,128.447,1539.301,627.1079057,4402.735276,5029.843182,9842.715363,14872.55855,6310.900841,4956.5,3357.0611,2867.5,3565.105377,2934.7,76628.6123,7377.6,9661.891044,3015.4,3749.155799
2017,E12000001,North East,65.99,1157.406,1223.396,85.326,1308.722,333.7958665,3547.784949,3881.580816,7385.187214,11266.76803,5058.279535,3836.05,3065.289924,2605.2,3172.791815,2634.9,86552.60077,8414.75,8608.984971,2696.9,3353.614567
2017,E12000002,North West,227.867,3000.854,3228.721,246.396,3475.117,1341.843149,10199.55373,11541.39687,19219.11034,30760.50721,5888.712051,4673.4,3398.883693,2856.8,3574.603341,2920.6,78000.90236,9385.15,8851.646495,2999.4,3719.608011
2017,E12000003,Yorkshire And The Humber,165.916,2225.726,2391.642,190.055,2581.697,918.0293516,7409.748226,8327.777578,14615.40369,22943.18127,5533.097179,4249.25,3329.137651,2750.2,3482.033506,2801.6,76900.91653,8970.1,8886.860569,2881.1,3634.687392
2017,E12000004,East Midlands,652.112,1404.665,2056.777,166.859,2223.636,2938.372508,4778.873871,7717.24638,13074.31314,20791.55952,4505.932276,3379,3402.144904,2808.4,3752.106514,2965.8,78355.45662,9677.7,9350.253151,3050,3883.27226
2017,E12000005,West Midlands,379.953,2070.093,2450.046,205.351,2655.397,1964.973733,7305.859684,9270.833417,14871.24549,24142.0789,5171.623156,3898.8,3529.242253,2929,3783.942594,3031.9,72418.66602,8813.1,9091.702259,3112,3883.395272
2017,E12000006,East,731.984,1915.168,2647.152,226.308,2873.46,3828.770629,7051.658865,10880.42949,15436.28884,26316.71833,5230.6753,3884.7,3682.005372,2970.8,4110.239795,3164.2,68209.20531,9012.3,9158.546953,3249.2,4273.362447
2017,E12000007,London,443.417,3118.854,3562.271,403.957,3966.228,2212.512804,10610.00015,12822.51295,25579.37111,38401.88406,4989.688723,3889.1,3401.890614,2636.1,3599.533262,2740.9,63322.01474,6292.8,9682.217982,2817.7,3698.549672
2017,E12000008,South East,656.674,3221.854,3878.528,341.065,4219.593,3558.918541,12211.91672,15770.83526,22077.32425,37848.15951,5419.612381,4161.4,3790.338332,3019.9,4066.1909,3154,64730.54771,8269.2,8969.623258,3234,4228.723837
2017,E12000009,South West,359.546,2182.948,2542.494,258.039,2800.533,2314.020065,7867.989029,10182.00909,13496.16826,23678.17735,6435.949961,5320.75,3604.295214,2910.2,4004.732791,3075.2,52302.82343,7326,8454.882463,3164.9,4280.586742
2017,W92000004,Wales,96.511,1318.804,1415.315,129.224,1544.539,615.4114207,4367.811864,4983.223285,9921.791097,14905.01438,6376.593556,4966,3311.949209,2797.9,3520.928758,2865.6,76779.78624,7670.1,9650.137925,2947.7,3691.519901
2018,E12000001,North East,64.036,1170.523,1234.559,87.447,1322.006,306.2027226,3462.002992,3768.205715,7405.278987,11173.4847,4781.727819,3567.7,2957.654819,2520,3052.268636,2544.9,84683.05358,7695.8,8451.916785,2607.3,3234.267038
2018,E12000002,North West,222.775,3036.427,3259.202,251.486,3510.688,1248.220356,9952.204146,11200.4245,19146.10552,30346.53003,5603.054004,4436.9,3277.603626,2758.1,3436.554255,2817,76131.89411,8411.1,8644.040719,2892.4,3589.138813
2018,E12000003,Yorkshire And The Humber,160.907,2249.364,2410.271,196.105,2606.376,859.2589425,7257.585117,8116.84406,14663.01155,22779.85561,5340.096718,4085.9,3226.505411,2667.6,3367.606406,2714.3,74771.22741,7954,8740.049636,2794.4,3519.984136
2018,E12000004,East Midlands,626.529,1449.787,2076.316,171.83,2248.146,2750.30215,4806.695176,7556.997326,13018.0717,20575.06902,4389.744369,3294.4,3315.449218,2733.6,3639.618115,2881.1,75761.34376,8586.7,9152.016383,2965.4,3774.74845
2018,E12000005,West Midlands,368.719,2102.984,2471.703,212.388,2684.091,1848.16578,7213.029226,9061.195005,14838.10467,23899.29968,5012.396377,3780.8,3429.902094,2850,3665.972411,2945.7,69863.19695,7794.7,8904.057157,3025.8,3770.633801
2018,E12000006,East,708.725,1966.981,2675.706,231.9,2907.606,3609.911753,7048.557156,10658.46891,15319.85828,25978.32719,5093.529582,3781.3,3583.43937,2887.7,3983.423033,3067.8,66062.34705,8098.85,8934.610532,3148.3,4163.65471
2018,E12000007,London,435.041,3165.962,3601.003,413.05,4014.053,2116.560424,10478.22092,12594.78134,25451.20362,38045.98496,4865.197589,3783.3,3309.648353,2560.1,3497.57591,2658.5,61617.73059,5615.2,9478.196965,2731.3,3603.677659
2018,E12000008,South East,637.27,3279.151,3916.421,349.154,4265.575,3371.357899,12098.50258,15469.86048,22022.29962,37492.1601,5290.313209,4050.2,3689.522862,2931.6,3949.999369,3056.8,63073.31328,7343.5,8789.473894,3130,4121.12006
2018,E12000009,South West,352.135,2213.671,2565.806,263.906,2829.712,2194.500125,7768.1282,9962.628325,13473.12154,23435.74987,6231.985248,5143.3,3509.161117,2830.6,3882.845517,2986,51052.72917,6640.95,8282.026535,3069.7,4153.107662
2018,W92000004,Wales,94.162,1330.267,1424.429,131.833,1556.262,575.6264216,4298.907527,4874.533949,9893.227586,14767.76154,6113.149908,4737.5,3231.612546,2724.9,3422.096818,2784.9,75043.6354,6864.8,9489.251511,2865.9,3587.500445
2019,E12000001,North East,61.33,1179.621,1240.951,87.658,1328.609,294.8229965,3460.529631,3755.352627,7243.277964,10998.63059,4807.157941,3594.25,2933.59446,2492.7,3026.189291,2516.8,82631.11141,7483.25,8278.305048,2578.1,3205.016107
2019,E12000002,North West,216.472,3069.672,3286.144,251.852,3537.996,1193.617911,9962.467709,11156.08562,18668.64694,29824.73256,5513.959826,4351.3,3245.450233,2724.6,3394.886414,2779.1,74125.46632,8172,8429.837841,2854.2,3550.237615
2019,E12000003,Yorkshire And The Humber,155.059,2269.834,2424.893,196.793,2621.686,819.5685137,7287.01808,8106.586594,14438.89149,22545.47808,5285.526888,4024.8,3210.374891,2646.7,3343.069815,2691.6,73370.96078,7810.1,8599.610357,2768.9,3493.993961
2019,E12000004,East Midlands,598.736,1494.085,2092.821,172.576,2265.397,2607.405573,4911.897206,7519.302779,12759.67612,20278.9789,4354.850173,3271.2,3287.56209,2709.8,3592.902966,2846.6,73936.56196,8378.45,8951.622561,2928.1,3719.672351
2019,E12000005,West Midlands,355.382,2136.491,2491.873,213.405,2705.278,1752.255558,7255.825332,9008.08089,14407.64103,23415.72192,4930.625519,3733.25,3396.141305,2812.6,3614.983946,2903.3,67513.13715,7603.9,8655.569566,2982.8,3716.937948
2019,E12000006,East,684.012,2017.66,2701.672,232.86,2934.532,3452.728002,7189.566595,10642.2946,15037.18879,25679.48338,5047.759398,3769.3,3563.319189,2874,3939.151236,3042.4,64576.09201,7795.55,8750.793442,3120.8,4124.861231
2019,E12000007,London,424.809,3206.913,3631.722,411.845,4043.567,2034.651527,10483.28437,12517.9359,24775.08912,37293.02502,4789.567847,3752,3268.964382,2540,3446.832082,2633.7,60156.34308,5514.2,9222.803781,2705.1,3555.681266
2019,E12000008,South East,617.812,3337.166,3954.978,350.218,4305.196,3233.665035,12259.27342,15492.93845,21557.14415,37050.08261,5234.059932,4013.8,3673.558168,2922.3,3917.326077,3039.5,61553.5014,7098.55,8605.899152,3111.85,4096.11444
2019,E12000009,South West,344.213,2244.334,2588.547,264.094,2852.641,2109.007933,7857.311042,9966.318975,13087.88487,23054.20385,6127.043236,5015.3,3500.954422,2813.6,3850.159559,2960.4,49557.67596,6489.95,8081.705286,3041.8,4113.250249
2019,W92000004,Wales,91.664,1341.225,1432.889,132.309,1565.198,548.8046033,4307.118556,4855.923159,9860.048677,14715.97184,5987.13348,4607.85,3211.331846,2701.5,3388.903927,2757.2,74522.88715,6684.7,9401.987375,2835.8,3547.815031
